{
  "classifier": {
    "precision": 0.9981718464351006,
    "recall": 0.978494623655914,
    "f1": 0.9882352941176471,
    "confusion_matrix": [
      [
        1282,
        2
      ],
      [
        24,
        1092
      ]
    ]
  },
  "regressor": {
    "mae_hours": 31.482021178083198,
    "r2": 0.9146519434318713,
    "mae_hours_near_failure_only": 12.124810588993425,
    "near_failure_test_rows": 1116
  },
  "train_cycles": [
    1,
    2,
    3,
    4,
    7,
    9,
    10,
    11,
    12,
    13,
    14,
    15,
    16,
    18,
    20,
    21,
    22,
    23,
    24,
    25,
    26,
    27,
    28,
    29,
    30,
    31,
    32,
    34,
    35,
    36,
    37,
    39
  ],
  "test_cycles": [
    5,
    6,
    8,
    17,
    19,
    33,
    38,
    40
  ],
  "top_features": [
    [
      "suspension_pressure_rate_of_change",
      0.619580864906311
    ],
    [
      "suspension_pressure_roll_std",
      0.20238515734672546
    ],
    [
      "oil_pressure_rate_of_change",
      0.03844544664025307
    ],
    [
      "vibration",
      0.008807098492980003
    ],
    [
      "oil_pressure_roll_std",
      0.007647017017006874
    ],
    [
      "temperature_rate_of_change",
      0.007442789152264595
    ],
    [
      "vibration_rate_of_change",
      0.00633280212059617
    ],
    [
      "temperature_roll_std",
      0.006199204828590155
    ],
    [
      "vibration_roll_max",
      0.0050992900505661964
    ],
    [
      "temperature_roll_max",
      0.004828353878110647
    ]
  ]
}